data,hora,evento,local
3 de julho de 2017,14:00,"Audiência à Presidente do CDS - Partido Popular (CDS-PP), Assunção Cristas",""
3 de julho de 2017,16:00,"Audiência ao Presidente da União das Misericórdias Portuguesas, Manuel de Lemos",""
3 de julho de 2017,18:30,Audiência a um grupo de descendentes de refugiados salvos por Aristides de Sousa Mendes - Sousa Mendes Foundation USA,""
4 de julho de 2017,"",Visita a Castanheira de Pera por ocasião do 103.º aniversário do concelho,""
4 de julho de 2017,10:30,"Cerimónia solene do hastear da bandeira nacional no edifício dos Paços do Concelho, seguido de um minuto de silêncio em memória das vítimas do incêndio",""
4 de julho de 2017,11:00,Missa na Igreja Matriz,""
4 de julho de 2017,12:00,Almoço no Quartel dos Bombeiros Voluntários de Castanheira de Pera,""
5 de julho de 2017,16:00,"Cerimónia Militar de Receção do 1.º Batalhão de Infantaria Mecanizado de Rodas (Força Nacional Destacada/Kosovo Force) e Encerramento do Teatro de Operações do Kosovo
","Av. Emídio Navarro, Coimbra"
5 de julho de 2017,18:30,"Cerimónia Comemorativa dos 150 anos da Abolição da Pena de Morte
","Colégio da Santíssima Trindade, Coimbra"
6 de julho de 2017,11:00,"Sessão de Abertura do VII Congresso da Associação Nacional de Escolas Profissionais (ANESPO)
","Auditório Municipal Eunice Muñoz, Oeiras"
6 de julho de 2017,12:30,"Audiência à direção da EPIS, seguida de receção aos alunos",""
7 de julho de 2017,13:00,"Encerramento da Conferência “Mulheres na Liderança: Através das Lentes dos Setores Público, Privado e dos Media”, promovida pela Associação de Mulheres Embaixadoras (AWA - Association of Women Ambassadors)
",Palácio da Cidadela de Cascais
7 de julho de 2017,16:00,"V Congresso Internacional - Educação, Inclusão e Inovação, promovido pela Pró-Inclusão - Associação Nacional de Docentes de Educação Especial
","Auditório da Escola Superior de Comunicação Social, Lisboa"
11 de julho de 2017,19:30,"Jantar oferecido pelo Presidente da República ao Presidente, aos Vice-Presidentes e aos Líderes dos Grupos Parlamentares da Assembleia da República por ocasião do final da Sessão Legislativa
",Palácio da Cidadela de Cascais
12 de julho de 2017,11:00,"Audiência ao Presidente do Comité Permanente da Assembleia Popular Nacional da República Popular da China, Zhang Dejiang",""
13 de julho de 2017,11:00,"Cerimónia Comemorativa do 150.º Aniversário da Polícia de Segurança Pública 
","Praça do Império, Lisboa"
13 de julho de 2017,13:00,"Cerimónia de Assinatura da Declaração de Belém sobre Cooperação em Investigação e Inovação no Atlântico
","Torre de Belém, Lisboa"
14 de julho de 2017,19:30,"Tomada de Posse de novos Secretários de Estado do XXI Governo Constitucional
Tomam posse: Ana Paula Baptista Grade Zacarias, Eurico Jorge Nogueira Leite Brilhante Dias, Tiago Barreto Caldeira Antunes, António Manuel Veiga dos Santos Mendonça Mendes, Maria de Fátima de Jesus Fonseca, Ana Teresa Cunha de Pinho Tavares Lehmann, Miguel João Pisoeiro de Freitas, para as funções de Secretário de Estado respetivamente, dos Assuntos Europeus, da Internacionalização, da Presidência do Conselho de Ministros, dos Assuntos Fiscais, da Administração e do Emprego Público, da Indústria, das Florestas e do Desenvolvimento Rural, e Ana Cláudia da Costa Pinho para as novas funções de Secretária de Estado da Habitação.
",Palácio de Belém
16 de julho de 2017,"","Visita de Estado do Presidente da República aos Estados Unidos Mexicanos
 
16 a 18 de julho de 2017",""
16 de julho de 2017,17:45,"Chegada do Presidente da República ao aeroporto internacional da Cidade do México
- Cerimónia de boas-vindas
- Alas de cortesia",""
17 de julho de 2017,"","Visita de Estado do Presidente da República aos Estados Unidos Mexicanos
 
16 a 18 de julho de 2017",""
17 de julho de 2017,10:10,Visita à sede da Mota-Engil no México por ocasião do 10.º aniversário da presença da empresa no país,""
17 de julho de 2017,12:00,Cerimónia de deposição da coroa de flores no “Monumento a Los Niños Héroes” - Altar da Pátria,""
17 de julho de 2017,12:40,"Cerimónia oficial de boas-vindas no Palácio Nacional
- Hinos
- Revista à guarda de honra",""
17 de julho de 2017,13:05,"Encontro entre o Presidente da República e o Presidente dos Estados Unidos Mexicanos, Enrique Peña Nieto
- Fotografia oficial",""
17 de julho de 2017,13:15,Encontro alargado às duas delegações,""
17 de julho de 2017,14:15,Declarações dos Chefes de Estado aos Órgãos de Comunicação Social,""
17 de julho de 2017,15:00,"Almoço Oficial oferecido pelo Presidente dos Estados Unidos Mexicanos, Enrique Peña Nieto, em Honra do Presidente da República",""
17 de julho de 2017,16:30,"Encontro entre o Presidente da República e o Chefe do Governo da Cidade do México, Miguel Ángel Mancera, no Palácio Sede de Governo da Cidade do México",""
17 de julho de 2017,16:50,Cerimónia de entrega das Chaves da Cidade,""
17 de julho de 2017,17:30,Visita à Catedral da Cidade do México e ao Templo Mayor,""
17 de julho de 2017,20:00,Receção em honra da Comunidade Portuguesa oferecida pelo Presidente da República,""
18 de julho de 2017,"","Visita de Estado do Presidente da República aos Estados Unidos Mexicanos
 
16 a 18 de julho de 2017",""
18 de julho de 2017,09:30,Sessão de abertura do Seminário Empresarial “México e Portugal] Uma Viagem Comum”,""
18 de julho de 2017,10:45,Visita ao museu Frida Kahlo,""
18 de julho de 2017,12:50,Partida do Presidente da República do aeroporto internacional da Cidade do México com destino a Lisboa,""
1 de junho de 2017,"","Visita à Região Autónoma dos Açores
 
1 a 6 de junho de 2017",""
1 de junho de 2017,14:30,"Chegada do Presidente da República ao Corvo
- Passeio a pé pela Vila do Corvo",""
1 de junho de 2017,15:00,Encontro com o Presidente do Governo Regional dos Açores,""
1 de junho de 2017,15:30,Visita à Escola Básica e Secundária Mouzinho da Silveira,""
1 de junho de 2017,16:30,Partida para as Flores,""
1 de junho de 2017,16:45,Chegada às Flores,""
1 de junho de 2017,18:00,Visita ao Museu da Fábrica da Baleia do Boqueirão,""
1 de junho de 2017,19:30,Passagem pelo Miradouro do Portal para avistar o Ilhéu de Monchique,""
1 de junho de 2017,20:00,"Jantar com as forças vivas e os Finalistas do Ensino Secundário da Ilha das Flores na Fajã Grande, Lajes das Flores",""
2 de junho de 2017,"","Visita à Região Autónoma dos Açores
 
1 a 6 de junho de 2017",""
2 de junho de 2017,10:30,Partida para a Terceira,""
2 de junho de 2017,11:30,"Chegada à Terceira - Base Aérea N.º 4
- Honras Militares: Revista e Desfile da Guarda de Honra",""
2 de junho de 2017,12:00,Visita à Base Aérea N.º 4,""
2 de junho de 2017,13:30,Almoço com os idosos da Ilha Terceira na Praia da Vitória,""
2 de junho de 2017,15:30,Encontro com o Presidente da Associação de Municípios da RAA,""
2 de junho de 2017,16:00,Visita ao Porto Oceânico da Praia da Vitória,""
2 de junho de 2017,19:30,Jantar oferecido pelo Representante da República,""
2 de junho de 2017,21:30,Espetáculo musical na Praça Velha – Angra do Heroísmo,""
3 de junho de 2017,"","Visita à Região Autónoma dos Açores
 
1 a 6 de junho de 2017",""
3 de junho de 2017,10:00,Visita ao Regimento de Guarnição N.º1,""
3 de junho de 2017,10:30,Início do passeio a pé no Miradouro do Pico das Cruzinhas,""
3 de junho de 2017,12:30,"Sessão de Honra do XIV Congresso Insular das Misericórdias – Auditório do Ramo Grande, Praia da Vitória",""
3 de junho de 2017,14:00,Partida para o Pico,""
3 de junho de 2017,14:30,Chegada ao Pico,""
3 de junho de 2017,15:00,"Passagem pela Paisagem da Cultura da Vinha da Ilha do Pico – Lajido da Criação Velha, Madalena",""
3 de junho de 2017,16:30,Visita ao Museu dos Baleeiros – Lajes do Pico,""
3 de junho de 2017,18:30,"Encontro com o líder do PSD/Açores, Duarte Freitas",""
3 de junho de 2017,20:30,Jantar com as forças vivas da Ilha do Pico no Salão da Filarmónica Liberdade Cais do Pico,""
4 de junho de 2017,"","Visita à Região Autónoma dos Açores
 
1 a 6 de junho de 2017",""
4 de junho de 2017,12:00,Partida para a Graciosa,""
4 de junho de 2017,12:30,Chegada à Graciosa,""
4 de junho de 2017,13:00,Almoço com pescadores e forças vivas da Ilha Graciosa no Porto de Pescas da Vila da Praia,""
4 de junho de 2017,15:00,Visita à fábrica das Queijadas da Graciosa,""
4 de junho de 2017,16:30,Partida para o Faial,""
4 de junho de 2017,17:00,Chegada ao Faial,""
4 de junho de 2017,17:30,Visita ao Departamento de Oceanografia e Pescas da Universidade dos Açores,""
4 de junho de 2017,19:00,"Audiências com os Líderes Parlamentares da Assembleia Legislativa da Região Autónoma dos Açores na Casa Memória Manuel de Arriaga
- PS, André Bradford
- PSD, Luís Maurício Santos
- CDS-PP, Artur Lima
- BE, Zuraida Soares
- PCP, João Paulo Corvelo, José Decq Mota e Marco Varela
- PPM, Paulo Estêvão",""
4 de junho de 2017,20:30,Jantar informal com os Líderes Parlamentares da Assembleia Legislativa da Região Autónoma dos Açores,""
5 de junho de 2017,"","Visita à Região Autónoma dos Açores
 
1 a 6 de junho de 2017",""
5 de junho de 2017,10:00,Sessão Solene do Dia da Região,""
5 de junho de 2017,13:00,Sopas em honra do Divino Espírito Santo,""
5 de junho de 2017,20:00,"Jantar com as forças vivas da Horta, personalidades da Cultura e ligadas ao Mar",""
5 de junho de 2017,21:30,Concerto da Lira Açoriana no âmbito das Comemorações do Dia da Região,""
6 de junho de 2017,"","Visita à Região Autónoma dos Açores
 
1 a 6 de junho de 2017",""
6 de junho de 2017,11:00,Visita ao Centro de Interpretação do Vulcão dos Capelinhos,""
6 de junho de 2017,12:30,Partida para São Jorge,""
6 de junho de 2017,12:50,Chegada a São Jorge,""
6 de junho de 2017,13:30,Almoço com as forças vivas da Ilha de São Jorge no terreiro da Casa do Espírito Santo da Ribeira Seca,""
6 de junho de 2017,16:00,Visita à Uniqueijo – União de Cooperativas Agrícolas de Lacticínios de São Jorge,""
7 de junho de 2017,"",O Presidente da República recebe as cartas credenciais de novos Embaixadores em Portugal:,""
7 de junho de 2017,14:30,"Embaixador da Tailândia, Chakri Srichawana",""
7 de junho de 2017,14:50,"Chefe de Missão da Palestina, Nabit Ahmad Abuznaid",""
7 de junho de 2017,15:15,"Embaixador de Chipre, Andreas Ignatiou",""
7 de junho de 2017,15:40,"Embaixadora das Filipinas, Senhora Celia Anna M. Feria",""
8 de junho de 2017,20:00,"Jantar comemorativo do 60.º aniversário da AIMMAP – Associação dos Industriais Metalúrgicos, Metalomecânicos e Afins de Portugal
",Terminal de Cruzeiros do Porto de Leixões
9 de junho de 2017,"","Comemorações do Dia de Portugal, de Camões e das Comunidades Portuguesas
 
Porto, São Paulo e Rio de Janeiro, 9 a 11 de junho de 2017",""
9 de junho de 2017,10:30,"Cerimónia de Içar a Bandeira Nacional
","Av. dos Aliados, junto à estátua a Almeida Garrett"
9 de junho de 2017,11:00,"Visita às Atividades Militares Complementares
",Av. dos Aliados
9 de junho de 2017,13:00,Almoço no Palácio da Bolsa,""
9 de junho de 2017,15:00,"Inauguração da Exposição que assinala os 500 anos do Foral Manuelino “O foral do Porto. 1517-2017. Marca de um rei, imagem de uma cidade.”
",Casa do Infante
9 de junho de 2017,16:00,"Visita à Associação “Somos Nós”
",Rua da Gazeta Literária
9 de junho de 2017,19:30,"Apresentação de cumprimentos pelo Corpo Diplomático acreditado em Portugal ao Presidente da República
",Paço Episcopal
9 de junho de 2017,20:15,"Cerimónia de Boas-vindas e Concerto de órgão comemorativo do Dia de Portugal - “Hino a Portugal”
- Intervenção do Presidente da Câmara Municipal do Porto","Sé do Porto
"
9 de junho de 2017,22:00,"Fogo-de-artifício
",Terreiro da Sé
10 de junho de 2017,"","Comemorações do Dia de Portugal, de Camões e das Comunidades Portuguesas
 
Porto, São Paulo e Rio de Janeiro, 9 a 11 de junho de 2017",""
10 de junho de 2017,10:00,"Cerimónia Militar comemorativa do Dia de Portugal, de Camões e das Comunidades Portuguesas

- Honras Militares
- Cerimónia de Homenagem aos Mortos em Combate
- Intervenção do Presidente da Comissão Organizadora do
  Dia de Portugal, de Camões e das Comunidades Portuguesas
- Intervenção do Presidente da República
- Cerimónia de Imposição de Condecorações Militares
- Desfile das Forças em Parada","Av. de Montevideu/Av. do Brasil
"
10 de junho de 2017,21:00,"São Paulo, Brasil",""
10 de junho de 2017,21:00,"Encontro com a Comunidade Portuguesa em São Paulo
",Theatro Municipal S. Paulo
11 de junho de 2017,"","Comemorações do Dia de Portugal, de Camões e das Comunidades Portuguesas
 
Porto, São Paulo e Rio de Janeiro, 9 a 11 de junho de 2017",""
11 de junho de 2017,14:00,"Rio de Janeiro, Brasil",""
11 de junho de 2017,14:00,Almoço a bordo do NRP “Sagres”,""
11 de junho de 2017,16:00,Visita ao Real Gabinete Português de Leitura,""
11 de junho de 2017,18:30,"Encontro com a Comunidade Portuguesa no Rio de Janeiro
",Palácio de São Clemente
13 de junho de 2017,16:30,"Visita à Feira Nacional de Agricultura 2017
","CNEMA - Centro Nacional de Exposições, Santarém"
15 de junho de 2017,11:00,"Inauguração do ECOMARE - Laboratório para a Inovação e Sustentabilidade dos Recursos Biológicos Marinhos
","Porto de Pesca Costeira - Gafanha da Nazaré, Ílhavo"
15 de junho de 2017,17:30,"Procissão do Corpo de Deus
",Igreja Matriz de Vila do Conde
16 de junho de 2017,15:00,"Visita à Associação Abraço
",Lisboa
17 de junho de 2017,10:30,"Cerimónia comemorativa do Dia da Marinha do Tejo
","Cais das Colunas, Lisboa"
17 de junho de 2017,18:30,"II Encontro Nacional de Cuidadores Informais de Pessoas com Doença de Alzheimer e outras Demências Similares
","Seminário de Vilar, Porto"
22 de junho de 2017,15:00,"Funeral de militar do Exército Português que se encontrava em missão no Mali
","Campo, Valongo"
23 de junho de 2017,15:30,"Audiência ao Presidente do Partido Social Democrata, Pedro Passos Coelho",""
27 de junho de 2017,21:00,"Concerto Solidário “Juntos por Todos”
","Meo Arena, Lisboa"
30 de junho de 2017,19:00,"Visita inaugural à exposição “Incerteza Viva: Uma exposição a partir da 32ª Bienal de São Paulo”
","Museu de Serralves, Porto"
1 de maio de 2017,11:00,"Visita à Noras Performance - Apresentação internacional da U-Safe
",Parque Empresarial de Torres Vedras
1 de maio de 2017,13:30,"Almoço comemorativo do centenário do Sport Clube União Torreense
","Estádio Manuel Marques, Torres Vedras"
2 de maio de 2017,10:30,Visita ao Hospital das Forças Armadas/Polo do Porto (HFAR/PP),""
3 de maio de 2017,10:30,"Cerimónia Comemorativa do 106.º Aniversário da Guarda Nacional Republicana (GNR)
","Praça do Império, Lisboa"
3 de maio de 2017,16:30,"Visita à APSA - Associação Portuguesa de Síndrome de Asperger
",Lisboa
4 de maio de 2017,13:30,"Torneio de Ténis Estoril Open 2017
",Clube Ténis Estoril
5 de maio de 2017,12:00,"Sessão de Honra do Congresso Nacional do Azeite e visita à Feira Nacional de Olivicultura
",Pavilhão Multiusos de Valpaços
7 de maio de 2017,17:00,"Procissão de Nossa Senhora da Saúde
",Lisboa
8 de maio de 2017,15:30,"Sessão de homenagem ao Voluntariado da Liga dos Amigos do Hospital de Santo António
","Hospital de Santo António, Porto"
8 de maio de 2017,18:40,Visita à “Casa da Rua - D. Lopo de Almeida” da Santa Casa da Misericórdia do Porto,""
8 de maio de 2017,19:30,Acompanhamento de equipas de rua dos Médicos do Mundo e SAOM - Serviços de Assistência Organizações de Maria,""
9 de maio de 2017,15:00,"“Debate sobre a Europa”
",Anfiteatro 1 da Faculdade de Direito da Universidade de Lisboa
10 de maio de 2017,"","Visita oficial a Portugal do Presidente da República Democrática de São Tomé e Príncipe, Evaristo do Espírito Santo Carvalho",""
10 de maio de 2017,10:00,"Cerimónia de boas-vindas ao Presidente da República Democrática de São Tomé e Príncipe

- Honras militares: Hinos nacionais e saudação ao Estandarte Nacional no Pátio dos Bichos
- Fotografia oficial e assinatura do Livro de Honra na Sala das Bicas
- Apresentação das delegações na Sala Dourada
- Encontro dos dois Chefes de Estado no Gabinete de Audiências do Presidente da República
- Encontro dos dois Chefes de Estado alargado às delegações","Palácio de Belém
"
10 de maio de 2017,11:05,Declarações dos dois Chefes de Estado à imprensa na Sala das Bicas,""
10 de maio de 2017,20:30,"Jantar oferecido pelo Presidente da República em honra do Presidente da República Democrática de São Tomé e Príncipe
",Palácio da Cidadela de Cascais
11 de maio de 2017,"","Visita oficial a Portugal do Presidente da República do Paraguai, Horacio Cartes",""
11 de maio de 2017,10:00,"Cerimónia de boas-vindas ao Presidente da República do Paraguai

- Honras militares: Hinos nacionais e saudação ao Estandarte Nacional no Pátio dos Bichos
- Fotografia oficial e assinatura do Livro de Honra na Sala das Bicas
- Apresentação das delegações na Sala Dourada
- Encontro dos dois Chefes de Estado no Gabinete de Audiências do Presidente da República
- Encontro dos dois Chefes de Estado alargado às delegações","Palácio de Belém
"
11 de maio de 2017,11:00,Declarações dos dois Chefes de Estado à imprensa na Sala das Bicas,""
11 de maio de 2017,20:00,"Jantar oferecido pelo Presidente da República em honra do Presidente da República do Paraguai
",Local: Palácio Nacional de Queluz
12 de maio de 2017,"",Peregrinação de Sua Santidade o Papa Francisco ao Santuário de Nossa Senhora de Fátima,""
12 de maio de 2017,16:00,Chegada de Sua Santidade o Papa Francisco à Base Aérea n.º 5 - Monte Real,""
12 de maio de 2017,16:15,Encontro a sós entre o Presidente da República e Sua Santidade o Papa Francisco,""
12 de maio de 2017,18:10,Chegada do Presidente da República ao Santuário de Fátima - Capelinha das Aparições,""
13 de maio de 2017,"",Peregrinação de Sua Santidade o Papa Francisco ao Santuário de Nossa Senhora de Fátima,""
13 de maio de 2017,09:50,Chegada do Presidente da República ao Santuário de Fátima - Colunata,""
13 de maio de 2017,10:00,Celebração da Missa,""
15 de maio de 2017,17:00,Audiência à FamiliarMente - Federação Portuguesa das Associações das Famílias de Pessoas com Experiência de Doença Mental,""
16 de maio de 2017,10:30,"Sessão Solene “O Conhecimento como Compromisso para o Futuro” inserida no ciclo de conferências Caminhos do Conhecimento no Dia Nacional dos Cientistas
","Teatro Rivoli, Porto"
16 de maio de 2017,12:15,"Sessão de encerramento e entrega de Prémios do 14.º Encontro Nacional de Inovação COTEC
","CEiiA, Matosinhos"
18 de maio de 2017,"","Visita de Estado à Croácia
 
18 e 19 de maio de 2017",""
18 de maio de 2017,10:30,"Cerimónia solene de boas-vindas na Presidência da República Croata

- Honras militares: Hinos nacionais e inspeção à guarda de honra
- Apresentação das comitivas
- Fotografia oficial",""
18 de maio de 2017,10:45,"Encontro a sós do Presidente da República com a Presidente da República da Croácia, Kolinda Grabar-Kitarović",""
18 de maio de 2017,11:05,Encontro dos dois Chefes de Estado alargado às delegações,""
18 de maio de 2017,11:40,Assinatura de Acordos Bilaterais,""
18 de maio de 2017,11:45,Declarações dos dois Chefes de Estado à imprensa,""
18 de maio de 2017,12:20,Cerimónia de deposição de uma coroa de flores em frente do Memorial “Voz das Vítimas Croatas – Muro da Dor”,""
18 de maio de 2017,12:45,"Almoço de trabalho do Presidente da República, acompanhado pelos deputados da Assembleia da República, com o Presidente do Parlamento Croata (Sabor), Gordan Jandroković",""
18 de maio de 2017,18:00,Inauguração da exposição “Azulejos – a arte em Portugal” no Museu das Artes e Ofícios de Zagrebe,""
18 de maio de 2017,19:00,Jantar oficial oferecido pela Presidente da República da Croácia em honra do Presidente da República,""
18 de maio de 2017,21:00,Concerto de fado com a artista Cuca Roseta oferecido pelo Presidente da República no Museu de Arte Contemporânea de Zagrebe,""
19 de maio de 2017,"","Visita de Estado à Croácia
 
18 e 19 de maio de 2017",""
19 de maio de 2017,10:30,Visita à Igreja de São Marcos e percurso a pé pela cidade alta com passagem pela Porta de Pedra,""
19 de maio de 2017,11:30,Visita ao Centro de Língua Portuguesa e encontro com estudantes de Língua Portuguesa na Universidade de Zagrebe - Faculdade de Humanísticas e Ciências Sociais,""
19 de maio de 2017,13:00,"Encontro do Presidente da República com o Primeiro-ministro da Croácia, Andrej Plenković na Presidência do Governo da Croácia",""
21 de maio de 2017,15:45,"Procissão do Senhor Santo Cristo dos Milagres
","Local: Ponta Delgada, Ilha de São Miguel, Açores"
22 de maio de 2017,10:00,"Sessão de Abertura do Ciclo de Debates “Decidir sobre o final da Vida” organizado pelo Conselho Nacional de Ética para as Ciências da Vida
",Faculdade de Ciências Médicas da Universidade Nova de Lisboa
23 de maio de 2017,"","Visita de Estado ao Grão-Ducado do Luxemburgo e Encontro com a Comunidade Portuguesa
 
23 a 25 de maio de 2017",""
23 de maio de 2017,10:00,"Cerimónia oficial de boas-vindas
-Honras militares
-Fotografia oficial",""
23 de maio de 2017,10:20,Encontro a sós do Presidente da República com Suas Altezas Reais os Grão-Duques do Luxemburgo,""
23 de maio de 2017,11:00,Cerimónia de deposição de uma coroa de flores no Monumento Nacional da Solidariedade Luxemburguesa,""
23 de maio de 2017,12:30,"Almoço privado, oferecido por Suas Altezas Reais os Grã-Duques do Luxemburgo em honra do Presidente da República",""
23 de maio de 2017,14:20,"Audiência com o Presidente da Câmara de Deputados, Mars Di Bartolomeo",""
23 de maio de 2017,14:50,"Audiência com o Primeiro-Ministro, Xavier Bettel",""
23 de maio de 2017,15:20,"Audiência com o Ministro dos Negócios Estrangeiros e Europeus, Jean Asselborn",""
23 de maio de 2017,16:00,Sessão solene no Cercle Cité,""
23 de maio de 2017,20:00,Jantar em honra do Presidente da República oferecido por Suas Altezas Reais os Grão-Duques do Luxemburgo,""
24 de maio de 2017,"","Visita de Estado ao Grão-Ducado do Luxemburgo e Encontro com a Comunidade Portuguesa
 
23 a 25 de maio de 2017",""
24 de maio de 2017,10:15,Visita à Société Européenne des Satélites,""
24 de maio de 2017,11:15,Visita ao Data Centre – European Reliance Centre Luxembourg East,""
24 de maio de 2017,12:10,Almoço em honra do Presidente da República oferecido pelo Primeiro-Ministro do Luxemburgo,""
24 de maio de 2017,13:45,Conferência de imprensa,""
24 de maio de 2017,14:30,Visita ao campus e à maison du Savoir da Universidade do Luxemburgo,""
24 de maio de 2017,14:45,Assinatura de Memorando de Entendimento entre a Universidade do Porto e a Universidade do Luxemburgo no edifício Auditoires da Universidade,""
24 de maio de 2017,16:15,Visita à exposição “Drawing the world” no Musée Nutional d’Histoire et d’Art,""
24 de maio de 2017,17:00,Visita à exposição “Coração Independente” na Catedral do Luxemburgo,""
24 de maio de 2017,19:00,Projeção de uma curta-metragem sobre os portugueses no Luxemburgo seguido de Concerto de música barroca pela Orquestra Barroca da Casa da Música e Receção na Philharmonie,""
25 de maio de 2017,"","Visita de Estado ao Grão-Ducado do Luxemburgo e Encontro com a Comunidade Portuguesa
 
23 a 25 de maio de 2017",""
25 de maio de 2017,11:30,Encontro com representantes da Comunidade Portuguesa no Centro Cultural Português na cidade do Luxemburgo,""
25 de maio de 2017,13:00,Almoço com Suas Altezas Reais os Grão-Duques do Luxemburgo,""
25 de maio de 2017,15:15,"Chegada do Presidente da República e de Suas Altezas Reais os Grão-Duques do Luxemburgo a Wiltz
- Chegada da Procissão e da imagem de Nossa Senhora de Fátima",""
25 de maio de 2017,15:30,"Missa. Homilia pelo Bispo de Bragança
- Percurso da imagem de Nossa Senhora de Fátima",""
25 de maio de 2017,17:15,Cerimónia de boas-vindas na Administração Comunal de Wiltz,""
25 de maio de 2017,18:00,"Encontro do Presidente da República com a Comunidade Portuguesa, com a presença de Suas Altezas Reais os Grão-Duques do Luxemburgo, no Lycée du Nord, em Wiltz",""
26 de maio de 2017,12:00,"Visita à Feira do Livro de Madrid
","Parque del Buen Retiro, Madrid, Espanha"
28 de maio de 2017,14:00,"Cerimónia Comemorativa do Dia Nacional do Bombeiro
","Passeio D. Luís I, Cascais"
28 de maio de 2017,17:15,"Final da Taça de Portugal em Futebol, disputada entre o Sport Lisboa e Benfica e o Vitória Sport Clube no Estádio Nacional",""
28 de maio de 2017,20:00,"Gala “A Mar” do Ginásio Clube Português
","Centro Cultural de Belém, Lisboa"
29 de maio de 2017,14:30,"Sessão de Abertura da Grande Conferência JN “Europa, para onde vamos?”
","Mosteiro de São Bento da Vitória, Porto"
29 de maio de 2017,19:15,"Cerimónia de Abertura das Conferências do Estoril: “Regulando uma Migração Sustentável”
","Centro de Congressos do Estoril, Cascais"
30 de maio de 2017,14:30,"Cerimónia do lançamento do Livro “Deficientes das Forças Armadas - A Geração da Rutura” da Associação dos Deficientes das Forças Armadas
","Sede da ADFA, Lisboa"
31 de maio de 2017,12:00,"Cerimónia de Entrega do Prémio Norte-Sul do Conselho da Europa 2016
","Sala do Senado, Assembleia da República"
31 de maio de 2017,13:45,"Receção à Força Nacional Destacada (FND) no Mali – MINUSMA
","Base Aérea n.º 6, Montijo"
1 de abril de 2017,15:00,"Entrega dos Prémios atribuídos pela Academia Portuguesa de Cinema a Adelaide João e Laura Soveral
","Galeria Raul Solnado, Casa do Artista, Lisboa"
1 de abril de 2017,17:00,Audiência a Atletas de Natação Adaptada,""
3 de abril de 2017,11:00,"Cerimónia de Homenagem a Aristides de Sousa Mendes
","Casa do Passal, Cabanas de Viriato, Carregal do Sal"
4 de abril de 2017,14:00,"Reunião de trabalho com instituições de apoio a sem-abrigo
","Sede da Comunidade Vida e Paz, Lisboa"
4 de abril de 2017,17:30,"Encerramento do 6.º Congresso da Indústria Portuguesa Agro-Alimentar
","Convento do Beato, Lisboa"
5 de abril de 2017,13:00,"Deslocação a Avões, Lamego",""
5 de abril de 2017,15:30,"Visita à ANPC - Autoridade Nacional de Proteção Civil
","Av. do Forte, Carnaxide"
5 de abril de 2017,20:30,Acompanhamento de voluntários do Centro de Apoio aos Sem-Abrigo (CASA),""
6 de abril de 2017,"",O Presidente da República recebe as cartas credenciais de novos Embaixadores em Portugal:,""
6 de abril de 2017,14:00,"Embaixador da Bulgária, Vassily Hristov Takev",""
6 de abril de 2017,14:25,"Embaixador do Bangladesh, Ruhul Siddique",""
6 de abril de 2017,15:00,"Apresentação conjunta de credenciais pelos Embaixadores Não-Residentes:

- Embaixador do Níger, Ado Elhadji Abou
- Embaixadora da Bósnia-Herzegovina, Senhora Mirsada Colakovic
- Embaixadora da El Salvador, Senhora Carmen Hernadez
- Embaixador do Sudão, Daffa- Allah Ali Osman
- Embaixador do Kosovo, Qëndrim Gashi",""
6 de abril de 2017,16:00,Audiência a Xanana Gusmão e delegação do g7+,""
6 de abril de 2017,18:00,"Inauguração da exposição “A Pressão da Luz - Uma Viagem de Nuno Cera pela Arquitetura de Álvaro Siza Vieira” e lançamento do livro “Guia de Arquitetura Álvaro Siza Projetos Construídos Portugal”
","Galeria Millennium, Lisboa"
7 de abril de 2017,14:30,"Inauguração da exposição “800 anos de Saúde em Portugal”, organizada pelo Instituto Nacional de Saúde Doutor Ricardo Jorge, assinalando o início do projeto de instalação do futuro espaço-sede do Museu da Saúde
","Hospital de Santo António dos Capuchos, Lisboa"
7 de abril de 2017,21:30,"Concerto “Guitarra Solidária” – Espetáculo Solidário Maratona da Saúde
","Teatro Camões, Lisboa"
8 de abril de 2017,14:45,"Cerimónia de agraciamento do músico, compositor e cantor cabo-verdiano, Tito Paris",""
8 de abril de 2017,19:15,"Chegada ao Aeroporto Internacional Nelson Mandela, cidade da Praia, ilha de Santiago para a Visita de Estado a Cabo Verde",""
9 de abril de 2017,"","Visita de Estado a Cabo Verde
 
9 a 12 de abril de 2017",""
9 de abril de 2017,11:00,Partida da ilha de Santiago para a ilha do Fogo,""
9 de abril de 2017,11:20,Chegada à ilha do Fogo,""
9 de abril de 2017,13:00,Visita à Adega de Vinho Chã em Chã das Caldeiras – Vulcão,""
9 de abril de 2017,15:40,Passeio na cidade de São Filipe,""
9 de abril de 2017,16:30,Partida da ilha do Fogo para a ilha de Santiago,""
9 de abril de 2017,16:50,Chegada à ilha de Santiago,""
9 de abril de 2017,19:30,"Receção à comunidade portuguesa a bordo da Fragata Alvares Cabral no Porto da Cidade da Praia
- Atuação da banda Dead Combo",""
10 de abril de 2017,"","Visita de Estado a Cabo Verde
 
9 a 12 de abril de 2017",""
10 de abril de 2017,09:45,"Cerimónias Oficiais de Boas-vindas no Palácio Presidencial

- Honras Militares
- Assinatura do livro de honra
- Encontro a sós com o Presidente da República de Cabo Verde, Jorge Carlos Fonseca
- Encontro entre os dois Chefes de Estado alargado às delegações
- Fotografia Oficial
- Conferência de Imprensa",""
10 de abril de 2017,11:00,"Visita à Câmara Municipal da Praia

– Passeio a pé até ao Mercado Municipal",""
10 de abril de 2017,12:20,Cerimónia de Deposição de Coroa de Flores no Memorial Amílcar Cabral,""
10 de abril de 2017,12:45,"Encontro com o Primeiro-Ministro de Cabo Verde, José Ulisses Correia e Silva",""
10 de abril de 2017,13:30,"Receção na Fortaleza na Cidade Velha

– Passeio a pé, com passagem no pelourinho, na rua das Bananas, e na igreja de Nossa Senhora do Rosário",""
10 de abril de 2017,14:00,"Almoço oferecido pelo Primeiro-Ministro de Cabo Verde, José Ulisses Correia e Silva",""
10 de abril de 2017,16:00,Sessão Especial da Assembleia Nacional,""
10 de abril de 2017,17:20,Visita à Escola Portuguesa de Cabo Verde,""
10 de abril de 2017,20:00,Jantar oferecido pelo Presidente da República de Cabo Verde e Senhora em Homenagem do Presidente da República,""
10 de abril de 2017,22:00,"Espetáculo da Banda Portuguesa Dead Combo promovido pelo Presidente da República, no âmbito da 5ª edição da Atlantic Music Expo 2017",""
11 de abril de 2017,"","Visita de Estado a Cabo Verde
 
9 a 12 de abril de 2017",""
11 de abril de 2017,10:30,Partida da ilha de Santiago para a ilha de São Vicente,""
11 de abril de 2017,11:30,Chegada à ilha de São Vicente,""
11 de abril de 2017,11:45,Sessão Solene na Câmara Municipal do Mindelo,""
11 de abril de 2017,12:20,"Visita à Escola Portuguesa do Mindelo

– Passagem pela ALAIM - Academia das Artes Livres do Mindelo

– Passeio a pé entre a Rua de Lisboa e a Antiga Capitania dos Portos",""
11 de abril de 2017,13:30,Almoço oferecido pelo Presidente da Câmara Municipal do Mindelo,""
11 de abril de 2017,15:00,"Conversa aberta entre os dois Presidentes, alunos e professores universitários na Universidade de Cabo Verde",""
11 de abril de 2017,16:30,Visita às empresas portuguesas do setor têxtil “Afropants” (da “CBI” em Portugal) e “Verde Veste” (da “Ímpetus” em Portugal) no Parque Industrial do Lazareto,""
11 de abril de 2017,17:40,Partida da ilha de São Vicente para a ilha de Santiago,""
11 de abril de 2017,18:30,Chegada à ilha de Santiago,""
11 de abril de 2017,19:30,Receção em Honra do Presidente da República de Cabo Verde e Senhora na Residência da Embaixada de Portugal,""
12 de abril de 2017,"","Visita de Estado a Cabo Verde
 
9 a 12 de abril de 2017",""
12 de abril de 2017,10:30,"Cumprimentos de despedida no Aeroporto Internacional Nelson Mandela na Cidade da Praia

– Partida para Dacar, Senegal",""
12 de abril de 2017,"","Visita de Estado ao Senegal
 
12 a 13 de abril de 2017",""
12 de abril de 2017,13:00,"Chegada ao Aeroporto Internacional Léopold Sédar Senghor, em Dacar",""
12 de abril de 2017,13:05,"Cerimónia Oficial de Boas-vindas

- Honras militares
- Apresentação de cumprimentos
- Encontro com o Presidente da República do Senegal, Macky Sall",""
12 de abril de 2017,16:00,Cerimónia de Doutoramento Honoris Causa do Presidente da República pela UCAD (Universidade Cheikh Anta Diop de Dacar),""
12 de abril de 2017,19:00,"Reunião com o Presidente da República do Senegal, Macky Sall, no Palácio Presidencial",""
12 de abril de 2017,19:30,"Reunião entre os dois chefes de Estado e respetivas delegações

- Conferência de imprensa",""
12 de abril de 2017,20:30,"Jantar Oficial oferecido pelo Presidente da República do Senegal, Macky Sall, em Honra do Presidente da República",""
13 de abril de 2017,"","Visita de Estado ao Senegal
 
12 a 13 de abril de 2017",""
13 de abril de 2017,10:30,Visita à Casa dos Escravos (entreposto para a América) na ilha de Gorée,""
13 de abril de 2017,12:00,Visita à Casa-Museu Léopold Sédar Senghor,""
13 de abril de 2017,13:00,"Debate com professores e alunos de Língua Portuguesa no Senegal, no Centro Internacional de Conferências Abdou Diouf (CICAD) em Diamniadio",""
13 de abril de 2017,15:30,"Apresentação do Projeto Polo Diamniadio (Polo de desenvolvimento urbano, económico e industrial do Plano Senegal Emergente)",""
13 de abril de 2017,17:15,"Visita à Assembleia Nacional do Senegal

- Encontro com o Presidente da Assembleia Nacional, Moustapha Niasse
- Reunião com membros do “Bureau” da Assembleia Nacional",""
13 de abril de 2017,18:15,Receção oferecida pelo Presidente da República à comunidade portuguesa residente no Senegal e entidades senegalesas na chancelaria da Embaixada de Portugal,""
13 de abril de 2017,19:30,"Cerimónia de despedida no Aeroporto Internacional Léopold Sédar Senghor

- Partida para Lisboa",""
17 de abril de 2017,"",Audiências aos Partidos Políticos com representação parlamentar,""
17 de abril de 2017,14:00,Partido Social Democrata (PPD/PSD),""
17 de abril de 2017,15:00,Partido Socialista (PS),""
17 de abril de 2017,16:00,Bloco de Esquerda (B.E.),""
17 de abril de 2017,19:00,Reunião de trabalho alargada sobre a estratégia para a integração das pessoas sem-abrigo,""
18 de abril de 2017,"",Audiências aos Partidos Políticos com representação parlamentar,""
18 de abril de 2017,14:00,Partido Comunista Português (PCP),""
18 de abril de 2017,15:00, Partido Ecologista “Os Verdes” (PEV),""
18 de abril de 2017,16:00, Pessoas-Animais-Natureza (PAN),""
18 de abril de 2017,17:00,CDS - Partido Popular (CDS-PP),""
18 de abril de 2017,18:00,"Lançamento da reedição da obra “Portugal Amordaçado”
","Fundação Calouste Gulbenkian, Lisboa"
19 de abril de 2017,11:00,"Cerimónia Comemorativa dos 111 anos do Edifício Sede da NOVA Medical School
","Faculdade de Ciências Médicas, Campo dos Mártires da Pátria, Lisboa"
19 de abril de 2017,17:00,"Cerimónia de agraciamento do Juiz Conselheiro António Francisco de Almeida Calhau
",Palácio de Belém
20 de abril de 2017,14:30,"Lançamento do Livro “Operação Viragem Histórica – 25 de Abril de 1974”
","Associação 25 de Abril, Lisboa"
20 de abril de 2017,17:00,Agraciamento de Alexandre Soares dos Santos,""
21 de abril de 2017,15:00,"Visita ao Instituto de Socorros a Náufragos por ocasião do seu 125.º aniversário
",Caxias
21 de abril de 2017,18:00,Visita à Mesquita de Lisboa,""
22 de abril de 2017,11:00,"Sessão de Abertura do 15.º Encontro Nacional de Associações Juvenis
","Centro Cultural Viana do Castelo, Praça Marques Júnior, Viana do Castelo"
25 de abril de 2017,10:00,Sessão Solene Comemorativa do 25 de Abril na Assembleia da República,""
25 de abril de 2017,14:00,"Cerimónia de Agraciamento ao Professor Arquiteto Álvaro Siza Vieira, a D. António Ferreira Gomes (a título póstumo) e ao Dr. Francisco Sá Carneiro (a título póstumo)",""
25 de abril de 2017,15:00,Cerimónia de Agraciamento à Associação Portuguesa de Imprensa,""
27 de abril de 2017,10:00,"Aula-debate com alunos do Ensino Secundário sobre Mário Soares e a Democracia
","Colégio Moderno, Lisboa"
28 de abril de 2017,15:00,"Inauguração da FIT Guarda – Feira Ibérica de Turismo
","Parque Urbano do Rio Diz, Guarda"
29 de abril de 2017,11:00,Visita ao Centro Ismaili de Lisboa,""
29 de abril de 2017,15:30,Visita à 34ª edição da Ovibeja,""
30 de abril de 2017,16:00,Desfile Náutico Comemorativo dos 160 anos da Associação Naval de Lisboa,""
1 de março de 2017,14:00,"Visita à Associação Raríssimas - Casa dos Marcos
",Moita
1 de março de 2017,16:00,Presidente da República recebe Ruy de Carvalho por ocasião do seu 90.º aniversário,""
2 de março de 2017,10:30,"Aula-debate com alunos do Ensino Secundário sobre Francisco Sá Carneiro e a Democracia
","Auditório da Escola Básica e Secundária Rodrigues de Freitas, Porto"
2 de março de 2017,15:00,"Sessão de Abertura do I Encontro Fora da Caixa
","Auditório da Fundação Serralves, Porto"
3 de março de 2017,11:30,"Visita à Escola Técnica Profissional da Moita
",Moita
3 de março de 2017,16:00,Lançamento da nova imagem da revista Cais: “Cais veste amarelo a partir de março”,""
3 de março de 2017,18:00,Encontro com os responsáveis pelas Instituições Particulares de Solidariedade Social (IPSS) confederadas na Confederação Nacional das Instituições de Solidariedade (CNIS),""
4 de março de 2017,11:50,"Visita ao Centro de Acolhimento Temporário (CAT) “Crescer a Cores” da AFVTER - Associação de Familiares das Vítimas da Tragédia de Entre-os-Rios
","Oliveira do Arda, Raiva, Castelo de Paiva"
4 de março de 2017,12:30,"Cerimónia de Homenagem às vítimas da tragédia de Entre-os-Rios
","Monumento “Anjo de Portugal”, Castelo de Paiva"
4 de março de 2017,18:00,"Sessão de Encerramento do Encontro das Ordens Profissionais da Saúde “O futuro do financiamento da Saúde em Portugal”
","Fundação Calouste Gulbenkian, Lisboa"
6 de março de 2017,17:30,"Visita ao SISAB 2017 – 22.º Salão Internacional do Setor Alimentar e Bebidas
","Meo Arena, Lisboa"
7 de março de 2017,18:00,"Cerimónia de Comemoração dos 60 anos de emissões regulares da RTP
","Edifício-sede da RTP, Lisboa"
8 de março de 2017,11:00,"Visita à APAV - Associação Portuguesa de Apoio à Vítima
",Lisboa
8 de março de 2017,15:00,"Cerimónia que assinala os 40 anos da revisão do Código Civil de 1977 que estabeleceu a igualdade entre a mulher e o homem na família
","Ministério da Justiça, Lisboa"
9 de março de 2017,11:00,"Aula-debate com alunos do Ensino Secundário
","Auditório da Escola Secundária de Pedro Nunes, Lisboa"
9 de março de 2017,13:00,Presidente da República acompanha dois vendedores da revista Cais,""
9 de março de 2017,18:00,Agraciamento da Dra. Maria José Ritta e da Dra. Maria Cavaco Silva,""
10 de março de 2017,17:00,"Sessão de Encerramento do Seminário “Fogo ou incêndio: a floresta sobreviverá? O conhecimento e as decisões”
",Salão Nobre da Reitoria da Universidade de Lisboa
13 de março de 2017,09:30,"Sessão de Abertura da Conferência “Justiça igual para todos” promovida pela Associação 25 de Abril
","Fundação Calouste Gulbenkian, Lisboa"
13 de março de 2017,15:00,"Reunião do Conselho Superior de Defesa Nacional
","Base Aérea N.º 1, Sintra"
14 de março de 2017,14:00,"Cerimónia de entrega dos donativos do Bazar Internacional do Corpo Diplomático, organizado em dezembro de 2016 pela Associação das Famílias dos Diplomatas Portugueses (AFDP)
",Antigo Museu Nacional dos Coches
14 de março de 2017,15:00,Programa “Escritores no Palácio de Belém” com o escritor José Fanha,""
14 de março de 2017,19:45,"Atividade de leitura de histórias a crianças a convite da Associação Nuvem Vitória
","Serviço de Pediatria do Hospital de Santa Maria, Lisboa"
15 de março de 2017,11:00,"Visita ao Comando Aéreo
","Monsanto, Lisboa"
15 de março de 2017,18:15,"Sessão de Encerramento da Conferência “Investimento em Portugal”
","Fundação Calouste Gulbenkian, Lisboa"
15 de março de 2017,22:00,"Gala SPA / RTP - Prémio Autores 2017
","Centro Cultural de Belém, Lisboa"
16 de março de 2017,11:00,Presidente da República recebe Manuel Cargaleiro por ocasião do seu 90.º aniversário,""
16 de março de 2017,12:45,"Sessão de Encerramento da Conferência “O Cooperativismo Financeiro”
",Escola Superior de Tecnologia da Saúde de Lisboa
17 de março de 2017,11:45,"Encerramento da Cerimónia de Apresentação Pública da Fundação Oceano Azul
","Convento do Beato, Lisboa"
17 de março de 2017,15:00,"Visita à BTL - Bolsa de Turismo de Lisboa
","FIL, Lisboa"
18 de março de 2017,19:00,"Sessão de Encerramento do 1.º Congresso da AlgFuturo “Pela Excelência da Economia do Algarve - Superar os bloqueios e vencer os desafios”
","Escola de Hotelaria e Turismo do Algarve, Faro"
20 de março de 2017,18:00,"Inauguração da Exposição Internacional “Heranças e Vivências Judaicas em Portugal”
","Sala de Exposições da Torre do Tombo, Lisboa"
22 de março de 2017,"","Visita oficial do Presidente da República ao Reino da Bélgica e às Instituições Europeias
 
22 de março de 2017",""
22 de março de 2017,11:30,"Audiência com o Presidente do Conselho Europeu, Donald Tusk
","Conselho Europeu, Edifício Europa, Bruxelas"
22 de março de 2017,12:15,"Deposição de uma coroa de flores no monumento evocativo dos atentados de Zaventem e Bruxelas
","petite Rue de la Loi, Bruxelas"
22 de março de 2017,15:00,"Audiência com Sua Majestade o Rei Philippe, Rei dos Belgas
","Palácio Real, Bruxelas"
22 de março de 2017,16:15,"Audiência com o Presidente do Parlamento Europeu, Antonio Tajani
","Edifício do Parlamento Europeu, Bruxelas"
22 de março de 2017,16:45,"Declarações à imprensa com o Presidente do Parlamento Europeu, Antonio Tajani
","Edifício do Parlamento Europeu, Bruxelas"
22 de março de 2017,17:00,"Encontro com os eurodeputados portugueses
","Edifício do Parlamento Europeu, Bruxelas"
22 de março de 2017,17:45,"Visita à exposição de pintura “Azorean colours” de oito artistas açorianos
","Edifício do Parlamento Europeu, Bruxelas"
22 de março de 2017,18:15,"Declarações à impressa com o Presidente da Comissão Europeia, Jean-Claude Juncker
","Comissão Europeia, Edifício Berlaymont, Bruxelas"
22 de março de 2017,18:30,"Reunião a sós com o Presidente da Comissão Europeia, Jean-Claude Juncker
","Comissão Europeia, Edifício Berlaymont, Bruxelas"
22 de março de 2017,19:00,"Jantar com o Colégio dos Comissários, oferecido pelo Presidente da Comissão Europeia em honra do Presidente da República
","Comissão Europeia, Edifício Berlaymont, Bruxelas"
23 de março de 2017,12:00,"Sessão de Abertura da 7ª ECToH - European Confence on Tobacco or Health (Conferência Europeia do Tabaco e Saúde), organizada pela Liga Portuguesa Contra o Cancro
","Centro de Congressos do Hotel Sheraton, Porto"
24 de março de 2017,15:00,"Sessão Comemorativa do 40.º Aniversário do Conselho Superior da Magistratura 
","Supremo Tribunal de Justiça, Lisboa"
24 de março de 2017,20:00,"Encontro, Jantar e Sessão de Fados organizado pela Associação Académica de Coimbra para assinalar o Dia do Estudante
","Centro Cultural D. Dinis, Coimbra"
25 de março de 2017,11:30,"Sessão de Abertura do XIII Congresso da UGT - União Geral de Trabalhadores
",Coliseu do Porto
25 de março de 2017,14:00,"Visita ao 40.º Portugal Fashion
",Alfândega do Porto
27 de março de 2017,13:00,"Almoço de homenagem ao Cinema Português com a presença dos vencedores dos Prémios Sophia 2017 da Academia Portuguesa de Cinema
","Palácio da Cidadela, Cascais"
28 de março de 2017,11:00,Programa “Escritores no Palácio de Belém” com a escritora Alice Vieira,""
28 de março de 2017,17:00,"Reunião semanal com o Primeiro-Ministro, António Costa, no Palácio de S. Lourenço, Funchal",""
28 de março de 2017,19:45,"Jogo de Preparação da Seleção Nacional de Futebol com a Suécia
","Estádio dos Barreiros, Funchal"
29 de março de 2017,11:15,Cerimónia que assinala a atribuição da nova designação do Aeroporto da Madeira,""
29 de março de 2017,15:00,"Abertura da 10ª edição da Futurália - Oferta Educativa, Formação e Empregabilidade
","FIL, Parques das Nações, Lisboa"
29 de março de 2017,19:30,"Cerimónia de entrega do Prémio Pessoa 2016
","Grande Auditório da Culturgest, Lisboa"
30 de março de 2017,"","Visita de Estado a Portugal da Presidente da República do Chile, Michelle Bachelet",""
30 de março de 2017,10:00,"Cerimónia de boas-vindas à Presidente da República do Chile na Praça do Giraldo, em Évora
- Honras militares
- Fotografia oficial",""
30 de março de 2017,10:55,Cerimónia de deposição de uma coroa de flores no túmulo de André de Resende na Sé Catedral de Évora,""
30 de março de 2017,11:15,"Chegada da República do Chile ao Paço de São Miguel, Évora
- Fotografia oficial",""
30 de março de 2017,11:15,"Encontro entre os Presidentes da República Portuguesa e da República do Chile
",Sala Amarela
30 de março de 2017,11:45,"Encontro dos dois Chefes de Estado alargado às delegações
",Sala do Bilhar
30 de março de 2017,12:15,"Declarações dos dois Chefes de Estado à imprensa
",Capela
30 de março de 2017,12:30,"Almoço em honra da Presidente da República do Chile, oferecido pelo Presidente da Câmara Municipal de Évora, presidido pelo Presidente da República
","Palácio Dom Manuel, Évora"
30 de março de 2017,14:00,"Cerimónia de doutoramento “honoris causa” da Presidente da República do Chile
",Reitoria da Universidade de Évora
30 de março de 2017,20:00,"Jantar oferecido pelo Presidente da República em honra da Presidente da República do Chile
",Palácio Nacional de Sintra
31 de março de 2017,09:30,"Audiência ao Diretor-geral da OMC - Organização Mundial do Comércio, Embaixador Roberto Azevedo",""
31 de março de 2017,10:00,Reunião do Conselho de Estado,""
1 de fevereiro de 2017,14:45,Visita domiciliária a idosos isolados com a Associação Mais Proximidade Melhor Vida (AMPMV),""
1 de fevereiro de 2017,22:00,"Programa Fronteiras XXI com o Tema “O Populismo tem ideologia?” uma parceria da Fundação Francisco Manuel dos Santos e da RTP
","Teatro Thalia, Laranjeiras, Lisboa"
3 de fevereiro de 2017,13:00,Almoço em casa de casal ex-sem-abrigo que convidaram o Presidente da República na Festa de Natal da Comunidade Vida e Paz,""
3 de fevereiro de 2017,18:00,"Presidente da República recebe os Presidentes de Câmaras Municipais de todo o País
",Antigo Museu Nacional dos Coches
6 de fevereiro de 2017,12:00,"Visita as instalações do Colégio Pina Manique da Casa Pia de Lisboa, seguido de almoço com alunos e professores no Restaurante Pedagógico",""
6 de fevereiro de 2017,15:30,"Tomada de Posse do Secretário de Estado Adjunto e das Finanças, Mestre Ricardo Emanuel Martins Mourinho Félix e do Secretário de Estado do Tesouro, Doutor Álvaro António da Costa Novo",""
7 de fevereiro de 2017,11:00,Programa “Escritores no Palácio de Belém” com a escritora Lídia Jorge,""
7 de fevereiro de 2017,12:30,"Cerimónia de entrega das Medalhas de Honra L’Oréal Portugal para as Mulheres na Ciência
","Pavilhão do Conhecimento, Lisboa"
7 de fevereiro de 2017,18:30,"Cerimónia de entrega do Prémio Personalidade do Ano, atribuído ao Selecionador Nacional Fernando Santos, pela Associação da Imprensa Estrangeira em Portugal (AIEP)
","Cidade do Futebol, Caxias"
8 de fevereiro de 2017,11:30,"Cerimónia de Tomada de Posse dos Órgãos Nacionais da Ordem dos Arquitetos
","Sede Nacional da Ordem dos Arquitetos, Lisboa"
8 de fevereiro de 2017,13:00,"Almoço com Refugiados - “Almoço Médio Oriente” na Cozinha Popular da Mouraria
",Lisboa
8 de fevereiro de 2017,19:00,"Cerimónia de Tomada de Posse do Bastonário da Ordem dos Médicos
","Academia de Ciências de Lisboa, Lisboa"
9 de fevereiro de 2017,12:30,"Visita ao Lar “O Telhadinho” da CEDEMA - Associação de Pais e Amigos dos Deficientes Mentais Adultos, seguida de almoço com deficientes adultos - Projeto “Cozinha com Todos”
",Odivelas
9 de fevereiro de 2017,"","Visita a Espanha por ocasião do XI Encontro da COTEC Europa
 
Madrid, 9 e 10 de fevereiro de 2017",""
9 de fevereiro de 2017,20:30,"Jantar com empresários da Câmara de Comércio Hispano Portuguesa
","Hotel Villa Magna, Madrid"
10 de fevereiro de 2017,"","Visita a Espanha por ocasião do XI Encontro da COTEC Europa
 
Madrid, 9 e 10 de fevereiro de 2017",""
10 de fevereiro de 2017,12:30,"Sessão de encerramento do XI Encontro da COTEC Europa
","Palácio de El Pardo, Madrid"
13 de fevereiro de 2017,16:00,"Audiência à nova Secretária Executiva da Comunidade dos Países de Língua Portuguesa (CPLP), Maria do Carmo Silveira (antiga Primeira-ministra de São Tomé e Príncipe)",""
13 de fevereiro de 2017,17:00,Audiência aos elementos da Força Especial de Bombeiros da Proteção Civil regressados do Chile,""
13 de fevereiro de 2017,19:40,"Antestreia do documentário “Diálogos das Carmelitas”, uma homenagem a Luís Miguel Cintra
","Teatro Nacional de São Carlos, Lisboa"
15 de fevereiro de 2017,10:30,"Visita à OGMA - Indústria Aeronáutica de Portugal
","Parque Aeronáutico de Alverca, Alverca"
16 de fevereiro de 2017,10:15,"Sessão de Abertura do V Congresso Nacional de Saúde Pública
","Seminário Diocesano de Vilar, Porto"
16 de fevereiro de 2017,12:30,"Visita à SAOM - Serviços de Assistência Organizações de Maria
",Porto
16 de fevereiro de 2017,16:00,"Visita ao CATIM - Centro de Apoio Tecnológico à Indústria Metalomecânica
",Porto
16 de fevereiro de 2017,19:30,"Visita ao Restaurante Solidário CASA - Centro de Apoio ao Sem-Abrigo
",Porto
17 de fevereiro de 2017,10:30,"Sessão Comemorativa do 43.º Aniversário da Universidade do Minho
","Reitoria da Universidade do Minho, Braga"
17 de fevereiro de 2017,15:30,"Visita a obra de recuperação de habitação para refugiados - Projeto da “Habitat for Humanity Portugal”
","Gualtar, Braga"
17 de fevereiro de 2017,17:00,"Visita ao Lar do Centro Social Padre David de Oliveira Martins
","Ruilhe, Braga"
17 de fevereiro de 2017,21:00,"Conferência “A Caminho da Nova Ágora: Os Católicos e a Democracia - Um Testemunho”
","Auditório Vita, Braga"
18 de fevereiro de 2017,11:00,"Homenagem a São Teotónio
","Largo de São Teotónio - Ganfei, Valença"
18 de fevereiro de 2017,11:30,"Inauguração do Centro de Inovação e Logística de Valença
","Escola Superior de Ciências Empresariais de Valença do Instituto Politécnico de Viana do Castelo – Urgeira, Valença"
18 de fevereiro de 2017,15:30,"Sessão de Abertura da Conferência “Igualdade de Género: Um Desafio para a Década”
",Secção Regional do Centro da Ordem dos Médicos - Coimbra
20 de fevereiro de 2017,15:00,"Audiência ao Comissário Europeu para a União da Segurança, Julian King",""
20 de fevereiro de 2017,19:30,24.º Aniversário da TVI - Inauguração das novas instalações,""
22 de fevereiro de 2017,12:00,"Cerimónia Oficial de Abertura da 18ª edição do Festival Literário Correntes d’Escritas
","Casino da Póvoa, Póvoa de Varzim"
22 de fevereiro de 2017,15:30,"Visita à Associação Pró-Maior Segurança dos Homens do Mar (APMSHM)
","Porto de Pesca, Póvoa de Varzim"
23 de fevereiro de 2017,18:30,"Sessão de Encerramento da Conferência “Moldar o Futuro - O Imperativo do Crescimento”
",Centro de Congressos de Lisboa
24 de fevereiro de 2017,11:00,"Visita ao Centro de Informação Geoespacial do Exército (CIGeoE)
",Lisboa
24 de fevereiro de 2017,13:15,"Almoço com o Presidente da Assembleia da República, Eduardo Ferro Rodrigues",""
24 de fevereiro de 2017,14:30,"Audiência à Presidente do CDS-PP, Assunção Cristas",""
24 de fevereiro de 2017,16:00,"Audiência ao Vice-presidente da Comissão Europeia, Valdis Dombrovskis",""
4 de janeiro de 2017,11:30,"Visita à Escola Básica e Secundária Ibn Mucana
","Alcabideche, Cascais"
4 de janeiro de 2017,18:30,"Presidente da República recebe cumprimentos dos Embaixadores de Portugal acreditados junto de vários Estados e organizações internacionais, por ocasião do Seminário Diplomático que decorre em Lisboa",""
5 de janeiro de 2017,15:00,"Audiência ao Comissário Europeu para a Investigação, Ciência e Inovação, Carlos Moedas",""
6 de janeiro de 2017,11:30,"Cerimónia Ecuménica - Natal Ortodoxo
","St. Andrew’s Church of Scotland, Lisboa"
6 de janeiro de 2017,13:15,"Presidente da República recebe o Presidente, os Vice-Presidentes, os Líderes dos Grupos Parlamentares e os Secretários da Mesa da Assembleia da República que lhe apresentam Cumprimentos de Ano Novo",""
6 de janeiro de 2017,15:00,"Presidente da República recebe 10 grupos musicais que vem cantar “as Janeiras” ao Palácio de Belém
",Antigo Museu Nacional dos Coches
9 de janeiro de 2017,13:00,"Cerimónias Fúnebres de Estado do Antigo Presidente da República Mário Soares
",Mosteiro dos Jerónimos
10 de janeiro de 2017,10:30,"Audiência ao Presidente do Parlamento Europeu, Martin Schulz",""
10 de janeiro de 2017,11:00,"Audiência ao Presidente da República Federativa do Brasil, Michel Temer",""
10 de janeiro de 2017,11:30,"Audiência ao Rei de Espanha, Felipe VI",""
10 de janeiro de 2017,12:00,"Presidente da República recebe, no Palácio de Belém, altos dignitários estrangeiros presentes em Lisboa para as Cerimónias Fúnebres de Estado do Antigo Presidente da República Mário Soares",""
10 de janeiro de 2017,12:45,"Partida do Presidente da República para a Sessão Evocativa de Homenagem ao Presidente Mário Soares, no Mosteiro dos Jerónimos, seguida das Cerimónias Fúnebres para o Cemitério dos Prazeres",""
10 de janeiro de 2017,18:00,"Audiência ao Presidente da República de Cabo Verde, Jorge Carlos Fonseca",""
12 de janeiro de 2017,"",O Presidente da República recebe as cartas credenciais de novos Embaixadores em Portugal:,""
12 de janeiro de 2017,14:30,"Embaixador da Arábia Saudita, Adel bin Abdul Rahman Abdul Ghafar Bakshs",""
12 de janeiro de 2017,14:50,"Embaixador da República da Coreia, Park Chul-min",""
12 de janeiro de 2017,15:15,"Embaixador de Cabo Verde, Eurico Correia Monteiro",""
12 de janeiro de 2017,15:40,"Embaixador da África do Sul, Mmamokwena Junior Gaoretelelwe",""
12 de janeiro de 2017,17:30,"Sessão de Abertura do 4.º Congresso dos Jornalistas
","Cinema São Jorge, Lisboa"
12 de janeiro de 2017,21:30,"Antestreia do filme “Silêncio” de Martin Scorsese
",Grande Auditório do Centro Cultural de Belém
13 de janeiro de 2017,18:00,Presidente da República recebe os Presidentes de Junta de Freguesia de todo o País,""
16 de janeiro de 2017,"",O Presidente da República recebe as cartas credenciais de novos Embaixadores em Portugal:,""
16 de janeiro de 2017,11:00,"Embaixador da Turquia, Hasan Gögüs",""
16 de janeiro de 2017,11:25,"Embaixador da Guiné-Bissau, Hélder Jorge Vaz Gomes Lopes",""
16 de janeiro de 2017,11:50,"Embaixador dos Emirados Árabes Unidos, Mousa Abdulwahed Abdulghaffar Al Khaja",""
16 de janeiro de 2017,12:15,"Apresentação conjunta de credenciais pelos Embaixadores Não-Residentes:

- Embaixador da Arménia, Mikayed Minasyan
- Embaixador do Equador, Carlos Abad",""
16 de janeiro de 2017,18:30,"Inauguração do Museu da Casa da Moeda
","Casa da Moeda, Lisboa"
17 de janeiro de 2017,11:00,"Presidente da República recebe cumprimentos de Ano Novo do Corpo Diplomático acreditado em Portugal
",Palácio Nacional de Queluz
17 de janeiro de 2017,14:00,Presidente da República no primeiro dia do Programa “Escritores no Palácio de Belém”,""
17 de janeiro de 2017,19:30,"Receção aos membros do Corpo Diplomático acreditado em Portugal, por ocasião da apresentação de cumprimentos de Ano Novo
",Palácio Nacional da Ajuda
19 de janeiro de 2017,16:00,Audiência aos Participantes do VI Encontro da Rede Mundial das Cidades Magalhânicas,""
19 de janeiro de 2017,17:00,"Entrega da Medalha de Honra da Sociedade de Geografia de Lisboa ao ISCSP - Instituto Superior de Ciências Sociais e Políticas
","ISCSP, Lisboa"
20 de janeiro de 2017,11:00,"Visita ao Comando Naval e Inauguração do Novo Simulador Tático da Marinha
","Base Naval de Lisboa, Alfeite, Almada"
20 de janeiro de 2017,16:30,"Audiência às Confederações Patronais: Confederação dos Agricultores de Portugal (CAP), Confederação do Comércio e Serviços de Portugal (CCP), Confederação Empresarial de Portugal (CIP) e Confederação do Turismo Português (CTP).",""
21 de janeiro de 2017,18:30,"Sessão de Encerramento da Conferência Nacional “40 anos do Poder Local Democrático”
","Pavilhão Paz e Amizade, Loures"
23 de janeiro de 2017,18:00,Audiência a uma delegação da União Geral de Trabalhadores (UGT),""
24 de janeiro de 2017,13:00,Almoço com Candidatos às últimas eleições Presidenciais,""
24 de janeiro de 2017,15:00,Audiência a uma delegação da Confederação Geral dos Trabalhadores Portugueses - Intersindical Nacional (CGTP-IN),""
25 de janeiro de 2017,"","Visita de Estado a Portugal do Presidente da República da Sérvia, Tomislav Nikolić e Senhora Dragica Nikolić
 
25 e 26 de janeiro de 2017",""
25 de janeiro de 2017,10:30,"Cerimónia de boas-vindas ao Presidente da República da Sérvia

- Fotografia dos dois Chefes de Estado
- Honras militares:
  - Hinos nacionais
  - Revista à Guarda de honra
  - Desfile das tropas","Praça do Império - Mosteiros dos Jerónimos, Lisboa
"
25 de janeiro de 2017,10:40,Cerimónia de deposição de uma coroa de flores no túmulo de Luís Vaz de Camões pelo Presidente da República da Sérvia,""
25 de janeiro de 2017,11:05,"Chegada do Presidente da República da Sérvia ao Palácio de Belém

- Fotografia oficial e assinatura do livro de honra
- Apresentação das delegações
- Encontro dos dois Chefes de Estado
- Encontro dos dois Chefes de Estado alargado às delegações",""
25 de janeiro de 2017,11:55,Declarações dos dois Chefes de Estado à imprensa,""
25 de janeiro de 2017,20:00,"Jantar oferecido pelo Presidente da República em honra do Presidente da República da Sérvia e Senhora
",Palácio Nacional da Ajuda
26 de janeiro de 2017,15:00,"Cerimónia de Entrega dos Prémios FLAD Life Science 2020
","Auditório da Fundação Luso-Americana para o Desenvolvimento, Lisboa"
30 de janeiro de 2017,"","Visita de Estado a Portugal do Presidente da República Helénica, Prokopios Pavlopoulos e Senhora Vlasia Pavlopoulou
 
30 e 31 de janeiro de 2017",""
30 de janeiro de 2017,10:00,"Cerimónia de deposição de uma coroa de flores no túmulo de D. Afonso Henriques
","Igreja de Santa Cruz, Praça 8 de maio, Coimbra"
30 de janeiro de 2017,10:35,"Cerimónia de boas-vindas ao Presidente da República Helénica no Pátio das Escolas da Universidade de Coimbra

- Honras militares:
 - hinos nacionais,
 - revista à guarda de honra
 - desfile militar
- Fotografia oficial",""
30 de janeiro de 2017,10:55,"Encontro restrito entre os Presidentes da República Portuguesa e da República Helénica e Senhora Vlasia Pavlopoulou
",sala do Senado
30 de janeiro de 2017,11:05,"Encontro dos dois Chefes de Estado alargado às delegações
",sala do Senado
30 de janeiro de 2017,11:50,"Declarações dos dois Chefes de Estado à imprensa
",Biblioteca Joanina
30 de janeiro de 2017,12:30,"Almoço em honra do Presidente da República Helénica e Senhora Vlasia Pavlopoulou, oferecido pelo Presidente da Câmara Municipal de Coimbra, presidido pelo Presidente da República
","Convento de S. Francisco, Coimbra"
30 de janeiro de 2017,14:30,"Cerimónia de doutoramento “honoris causa” do Presidente da República Helénica
","Sala dos Capelos, Universidade de Coimbra"
30 de janeiro de 2017,20:00,"Jantar oferecido pelo Presidente da República em honra do Presidente da República Helénica e Senhora 
",Palácio Nacional da Ajuda
31 de janeiro de 2017,11:00,Programa “Escritores no Palácio de Belém” com o escritor Miguel Sousa Tavares,""
31 de janeiro de 2017,"","Visita de Estado a Portugal do Presidente da República Helénica, Prokopios Pavlopoulos e Senhora Vlasia Pavlopoulou
 
30 e 31 de janeiro de 2017",""
31 de janeiro de 2017,14:30,Visita à Faculdade de Direito da Universidade de Lisboa,""
